# Sensor Lundemosen, Greve Strand, Denmark (Citizen Science project sensor.community/78298)
# https://aqicn.org/station/@370306/
# Daily pm25
date,min,max,median,q1,q3,stdev,count
2023-02-02T00:00:00.000Z,1.65,14.07,5.95,2.7,10.14,3.793,145
2023-02-03T00:00:00.000Z,1.38,2.92,1.9,1.7,2.13,0.331,126
2023-02-04T00:00:00.000Z,1.2,25.52,2.15,1.83,2.94,4.939,561
2023-02-05T00:00:00.000Z,1.5,12.45,2.54,2.02,4.4,2.75,497
2023-02-06T00:00:00.000Z,2.85,18.64,7.75,5.05,11.05,3.86,460
2023-02-07T00:00:00.000Z,6.07,23.17,10.68,9.07,13.7,3.047,487
2023-02-08T00:00:00.000Z,5.75,31.98,15.35,12.63,18.35,4.54,434
2023-02-09T00:00:00.000Z,2.58,24.67,16.6,13.5,19.89,5.46,478
2023-02-10T00:00:00.000Z,2.1,9.3,3.58,3.17,4.32,1.269,520
2023-02-11T00:00:00.000Z,1.85,11.45,4.65,3.35,6.55,1.84,463
2023-02-12T00:00:00.000Z,1.1,30.02,2.42,2.1,4.68,2.107,551
2023-02-13T00:00:00.000Z,1.52,4.3,2.5,2.29,2.75,0.359,419
2023-02-14T00:00:00.000Z,2.5,18.98,6.68,3.78,10.16,4.684,481
2023-02-15T00:00:00.000Z,16.7,29.55,21.44,19.67,23.77,2.468,442
2023-02-16T00:00:00.000Z,18.98,59.05,37.67,29.7,46.83,9.548,447
2023-02-17T00:00:00.000Z,2.4,44.28,5.43,3.5,27.5,14.031,410
2023-02-18T00:00:00.000Z,1.6,7.07,3,2.54,3.42,0.654,552
2023-02-19T00:00:00.000Z,1.2,4.75,2.1,1.88,2.35,0.41,461
2023-02-20T00:00:00.000Z,1.52,8.23,4.22,3.13,4.97,1.376,553
2023-02-21T00:00:00.000Z,1.6,9.9,3.69,2.91,4.8,1.319,548
2023-02-22T00:00:00.000Z,1.4,5.03,2.1,1.9,2.52,0.567,443
2023-02-23T00:00:00.000Z,2.02,23.4,11.85,5.18,14.85,5.409,402
2023-02-24T00:00:00.000Z,1.2,6.25,2.5,2.02,3.14,0.797,549
2023-02-25T00:00:00.000Z,1,3.08,1.52,1.4,1.7,0.261,453
2023-02-26T00:00:00.000Z,1.08,8.35,1.58,1.4,2.4,0.834,537
2023-02-27T00:00:00.000Z,1.7,10.68,3.67,2.87,4.29,1.1,553
2023-02-28T00:00:00.000Z,2.45,25.83,9.68,6.7,11.27,3.586,459
2023-03-01T00:00:00.000Z,1.14,19.25,5.72,3.29,11.69,4.933,561
2023-03-02T00:00:00.000Z,1.85,12.05,4.53,3.35,6.18,1.765,538
2023-03-03T00:00:00.000Z,2.4,14.65,5.77,4.2,9.15,3.269,542
2023-03-04T00:00:00.000Z,1,5.38,2.2,1.5,2.92,0.849,571
2023-03-05T00:00:00.000Z,1.14,5.85,2.22,1.7,3.3,1.072,563
2023-03-06T00:00:00.000Z,1.73,30.65,3.7,2.47,4.65,3.338,554
2023-03-07T00:00:00.000Z,1.02,14.52,2.27,1.85,4.98,3.319,557
2023-03-08T00:00:00.000Z,1.02,12.23,1.88,1.52,3.64,3.022,577
2023-03-09T00:00:00.000Z,1.1,8.93,2.19,1.7,3.58,1.711,494
2023-03-10T00:00:00.000Z,1.9,11.6,4.18,2.88,5.32,1.349,568
2023-03-11T00:00:00.000Z,1.25,5.4,2.35,1.95,2.85,0.715,567
2023-03-12T00:00:00.000Z,1.12,7.88,2,1.7,3.12,1.209,573
2023-03-13T00:00:00.000Z,1.92,16.88,4.78,3.83,10.4,4.316,566
2023-03-14T00:00:00.000Z,1.42,5.6,3.3,2.29,3.97,0.955,403
2023-03-15T00:00:00.000Z,1.08,5.3,2.38,2,2.74,0.6,573
2023-03-16T00:00:00.000Z,1.1,6.8,2.33,1.92,3,1.242,571
2023-03-17T00:00:00.000Z,2.25,9.15,6.18,4.8,6.95,1.691,570
2023-03-18T00:00:00.000Z,4.84,27.1,11.25,8.13,14.37,4.686,461
2023-03-19T00:00:00.000Z,12.1,30.9,23.1,20.3,25.2,3.889,561
2023-03-20T00:00:00.000Z,2,39.78,3.8,3.03,6.25,7.733,567
2023-03-21T00:00:00.000Z,4.15,20.73,10.3,6.45,14.48,4.447,567
2023-03-22T00:00:00.000Z,6.18,29.2,14.3,11.1,21,5.578,546
2023-03-23T00:00:00.000Z,1.7,17.55,3.67,2.8,9.1,4.854,571
2023-03-24T00:00:00.000Z,1.88,12.63,3.72,2.95,7.68,2.84,563
2023-03-25T00:00:00.000Z,2.13,7.38,3.65,3.1,4.95,1.18,560
2023-03-26T00:00:00.000Z,1.3,6.15,1.9,1.7,2.27,1.022,529
2023-03-27T00:00:00.000Z,1.25,6.1,2,1.79,2.38,0.556,528
2023-03-28T00:00:00.000Z,1.17,5.68,1.9,1.63,2.2,0.498,563
2023-03-29T00:00:00.000Z,1.7,21.63,7.97,5.93,12.13,4.73,483
2023-03-30T00:00:00.000Z,3.42,30,14.45,5,20.75,8.159,563
2023-03-31T00:00:00.000Z,1.45,16.5,5.45,2.39,7.68,2.673,557
2023-04-01T00:00:00.000Z,0.9,5.2,1.98,1.58,3.45,1.099,513
2023-04-02T00:00:00.000Z,1,3.38,1.59,1.4,1.9,0.398,548
2023-04-03T00:00:00.000Z,1.23,8.63,1.8,1.6,2.33,0.801,562
2023-04-04T00:00:00.000Z,1.25,7.2,2.57,2.02,3.33,0.828,576
2023-04-05T00:00:00.000Z,1.3,6.47,2.29,1.95,2.96,0.982,572
2023-04-06T00:00:00.000Z,1.9,10.32,4.55,3.55,6.47,1.828,583
2023-04-07T00:00:00.000Z,2.25,7.07,3.58,3.03,4.03,0.631,557
2023-04-08T00:00:00.000Z,2.02,6.5,3.92,3.5,4.59,0.812,580
2023-04-09T00:00:00.000Z,1.83,18.2,3.12,2.78,3.53,0.952,582
2023-04-10T00:00:00.000Z,2.2,9.88,4.19,3.53,4.8,1.116,486
2023-04-11T00:00:00.000Z,1.85,13.52,4.22,2.88,9.85,3.506,578
2023-04-12T00:00:00.000Z,2.1,8.25,4.07,3.28,5.3,1.297,580
2023-04-13T00:00:00.000Z,1.73,14.23,4.59,2.85,9.25,3.536,583
2023-04-14T00:00:00.000Z,6.75,21.77,13.63,9.44,15.73,3.783,580
2023-04-15T00:00:00.000Z,7.57,21.92,11.73,9.05,15.27,3.845,580
2023-04-16T00:00:00.000Z,4.5,11.85,7.43,6.75,8.38,1.446,586
2023-04-17T00:00:00.000Z,5.82,16.3,9.15,7.72,10.88,2.084,577
2023-04-18T00:00:00.000Z,1.5,10.9,3.47,3.08,4.8,1.77,579
2023-04-19T00:00:00.000Z,1.33,7.13,1.97,1.77,2.2,0.411,494
2023-04-20T00:00:00.000Z,1.73,31.13,4.18,2.54,4.9,1.793,551
2023-04-21T00:00:00.000Z,2.1,9.55,3.15,2.7,3.65,0.709,507
2023-04-22T00:00:00.000Z,1.6,9.3,3.45,2.88,4.47,1.118,490
2023-04-23T00:00:00.000Z,2.2,20.63,7.9,5.93,10.07,3.292,351
2023-04-24T00:00:00.000Z,3.17,22.48,6.5,5.07,12.68,4.561,570
2023-04-25T00:00:00.000Z,1.85,7.5,3.35,3,4.13,0.981,579
2023-04-26T00:00:00.000Z,1.3,5.32,2.25,1.88,2.65,0.547,579
2023-04-27T00:00:00.000Z,1.14,4.8,2.2,1.7,3,0.786,550
2023-04-28T00:00:00.000Z,1.7,7.93,3.13,2.35,3.83,0.999,398
2023-04-29T00:00:00.000Z,1.63,7.53,3.58,2.63,4.3,1.02,570
2023-04-30T00:00:00.000Z,2.08,6.57,3.4,2.95,3.95,0.888,415
2023-05-01T00:00:00.000Z,3.22,16.14,4.84,4.25,5.77,1.586,560
2023-05-02T00:00:00.000Z,1.63,12.35,2.65,2,3.71,1.981,549
2023-05-03T00:00:00.000Z,1.45,5.78,3.05,2.6,3.75,0.83,389
2023-05-04T00:00:00.000Z,0.98,6.28,2.52,1.95,3.85,1.397,563
2023-05-05T00:00:00.000Z,1.48,3.47,2.15,1.9,2.5,0.409,409
2023-05-06T00:00:00.000Z,1.75,4.55,2.7,2.4,3,0.411,573
2023-05-07T00:00:00.000Z,2.54,5.55,3.3,3.1,3.55,0.374,445
2023-05-15T00:00:00.000Z,3.53,8.38,5.93,4.79,7,1.218,552
2023-05-16T00:00:00.000Z,2.78,16.75,4.18,3.6,7.59,3.726,452
2023-05-17T00:00:00.000Z,1.02,4.72,1.85,1.5,2.4,0.611,553
2023-05-18T00:00:00.000Z,2.17,8.43,3.2,2.9,3.67,1.038,563
2023-05-19T00:00:00.000Z,1.3,9.5,3.13,2.29,5.32,1.796,563
2023-05-20T00:00:00.000Z,1.2,13.9,1.85,1.7,2.1,0.629,566
2023-05-21T00:00:00.000Z,2.02,11.23,3.53,2.67,5.42,1.759,561
2023-05-22T00:00:00.000Z,2.2,17.55,2.9,2.67,3.22,0.863,523
2023-05-23T00:00:00.000Z,3.17,7.88,4.63,4.21,5,0.669,565
2023-05-24T00:00:00.000Z,4.59,13.38,7.45,6.8,8.05,1.035,571
2023-05-25T00:00:00.000Z,2.63,6.63,3.92,3.5,4.46,0.75,532
2023-05-26T00:00:00.000Z,1.25,9.05,3.3,2.5,4.68,1.316,426
2023-05-27T00:00:00.000Z,1.92,6.18,3.65,3.08,4.28,0.77,457
2023-05-28T00:00:00.000Z,1.77,7.6,2.97,2.52,4.09,1.018,483
2023-05-29T00:00:00.000Z,1.33,7.6,2.34,1.8,3.22,0.86,502
2023-05-30T00:00:00.000Z,1.42,15.65,2.72,1.9,3.75,1.211,573
2023-05-31T00:00:00.000Z,1.1,5.35,3.13,2.8,3.5,0.633,353
2023-06-01T00:00:00.000Z,1.3,19.2,2.8,2.13,4.05,1.314,575
2023-06-02T00:00:00.000Z,0.82,7.75,1.7,1.25,2.02,0.631,576
2023-06-03T00:00:00.000Z,1.1,6.47,1.63,1.42,1.92,0.456,470
2023-06-04T00:00:00.000Z,2.04,5.78,3,2.78,3.4,0.539,578
2023-06-05T00:00:00.000Z,1.95,8.25,4.55,3.3,5.43,1.298,567
2023-06-06T00:00:00.000Z,2.92,12.45,4.25,3.6,5.75,2.145,353
2023-06-07T00:00:00.000Z,2.65,9.3,4.8,4,5.7,1.445,558
2023-06-08T00:00:00.000Z,4.7,12.38,8.52,7.47,10.18,1.737,426
2023-06-09T00:00:00.000Z,1.5,13.73,3.28,2.7,4.9,2.927,563
2023-06-10T00:00:00.000Z,1.4,4.15,2.15,1.85,2.5,0.422,566
2023-06-11T00:00:00.000Z,1.85,6.13,2.54,2.35,2.8,0.413,570
2023-06-12T00:00:00.000Z,2,4.18,2.72,2.42,3.13,0.434,574
2023-06-13T00:00:00.000Z,1.45,4.22,2.7,2.5,2.9,0.364,551
2023-06-14T00:00:00.000Z,2.4,14.25,3.13,2.9,3.47,0.75,548
2023-06-15T00:00:00.000Z,3,6.35,4.05,3.65,4.55,0.664,562
2023-06-16T00:00:00.000Z,3.3,8.93,4.82,4.46,5.28,0.889,557
2023-06-17T00:00:00.000Z,4.05,13.43,6.74,5.7,8.15,1.576,550
2023-06-18T00:00:00.000Z,4.38,15.07,6.35,5.82,7.09,1.465,572
2023-06-19T00:00:00.000Z,4.32,15.32,9.3,7.32,11.55,2.436,359
2023-06-20T00:00:00.000Z,6.35,12.32,9.34,8.5,10.19,1.316,542
2023-06-21T00:00:00.000Z,2.72,20.07,7.52,4.65,11.52,4.512,558
2023-06-22T00:00:00.000Z,2.35,10.32,4.32,3.6,5.8,1.826,555
2023-06-23T00:00:00.000Z,2.2,10.65,4.22,3.63,4.68,1.75,535
2023-06-24T00:00:00.000Z,2.13,25.75,5.15,3.53,7.18,2.342,543
2023-06-25T00:00:00.000Z,3.3,8.93,5.38,4.32,6.7,1.378,555
2023-06-26T00:00:00.000Z,1.9,20.2,5.55,4.23,7.32,3.645,484
2023-06-27T00:00:00.000Z,2,6.07,3.22,2.67,3.8,0.763,545
2023-06-28T00:00:00.000Z,2.29,13.6,4.65,3.58,5.6,1.325,570
2023-06-29T00:00:00.000Z,2.8,20.23,6.64,5.49,9.94,3.506,560
2023-06-30T00:00:00.000Z,1.48,26.85,2.5,2.04,2.95,5.361,559
2023-07-01T00:00:00.000Z,2.1,8.69,4.55,3.03,5.75,1.571,366
2023-07-02T00:00:00.000Z,2,6,3.47,2.9,4.18,0.816,555
2023-07-03T00:00:00.000Z,1.5,7,2.47,2.13,2.85,0.596,550
2023-07-04T00:00:00.000Z,1.38,6.43,2.42,2.1,3,0.658,409
2023-07-05T00:00:00.000Z,1.3,6,3.3,2.08,3.9,1.037,529
2023-07-06T00:00:00.000Z,1.12,4.09,2.13,1.88,2.42,0.432,281
2023-07-07T00:00:00.000Z,1.4,4.7,2.52,2.2,2.9,0.594,548
2023-07-08T00:00:00.000Z,2.1,7.97,2.84,2.5,4.55,1.142,338
2023-07-09T00:00:00.000Z,1.52,5.6,3.2,2.65,4.03,0.849,355
2023-07-10T00:00:00.000Z,2.65,8.3,4.18,3.7,5.25,1.185,362
2023-07-11T00:00:00.000Z,1.9,14,2.95,2.63,5.35,2.947,565
2023-07-12T00:00:00.000Z,1.65,6.82,2.7,2.25,4.25,1.172,543
2023-07-13T00:00:00.000Z,1.12,4.05,2.4,1.85,3.05,0.681,571
2023-07-14T00:00:00.000Z,1.4,5.45,2.4,2,3.22,0.918,558
2023-07-15T00:00:00.000Z,1.92,5.3,3.7,2.9,4.3,0.814,567
2023-07-16T00:00:00.000Z,1.5,5.93,3.1,2.75,3.53,0.717,579
2023-07-17T00:00:00.000Z,1.5,6.32,2.6,2.2,3.3,0.742,385
2023-07-18T00:00:00.000Z,1.3,4.09,1.92,1.7,2.4,0.551,581
2023-07-19T00:00:00.000Z,1.2,42.05,1.9,1.7,2.1,1.961,470
2023-07-20T00:00:00.000Z,0.8,4.9,2.17,1.73,2.52,0.647,568
2023-07-21T00:00:00.000Z,1.38,6.1,2.25,1.92,3.13,0.981,582
2023-07-22T00:00:00.000Z,0.95,72.25,2.15,1.6,3.1,4.289,577
2023-07-23T00:00:00.000Z,1.65,7.95,3.78,3.17,4.53,1.289,581
2023-07-24T00:00:00.000Z,1.08,7.65,2.2,1.88,6.1,2.155,579
2023-07-25T00:00:00.000Z,1.2,5.47,2.22,1.9,2.75,0.737,581
2023-07-26T00:00:00.000Z,1.2,4.05,1.92,1.6,2.6,0.575,573
2023-07-27T00:00:00.000Z,1.9,34.22,2.9,2.45,4.09,2.213,567
2023-07-28T00:00:00.000Z,2.17,7.88,3.7,3.32,5.14,1.283,560
2023-07-29T00:00:00.000Z,2.13,7.28,4.09,3.5,4.78,0.883,548
2023-07-30T00:00:00.000Z,1.7,5.78,2.83,2.47,3.65,0.76,558
2023-07-31T00:00:00.000Z,1.5,4.82,2.38,2.08,2.78,0.498,578
2023-08-01T00:00:00.000Z,0.98,3.9,1.7,1.5,2.02,0.375,578
2023-08-02T00:00:00.000Z,1.33,16.14,2.35,2.08,3.4,1.584,574
2023-08-03T00:00:00.000Z,0.9,7.18,3.05,2.25,4.05,1.241,556
2023-08-04T00:00:00.000Z,1.63,6.78,2.6,2.35,3.5,0.983,575
2023-08-05T00:00:00.000Z,1.4,5.6,2.2,1.88,2.54,0.536,577
2023-08-06T00:00:00.000Z,1.8,6.78,2.7,2.4,3,0.476,579
2023-08-07T00:00:00.000Z,1.58,5.95,2.54,2.22,3.28,0.797,583
2023-08-08T00:00:00.000Z,1.42,4,2.21,1.95,2.52,0.444,586
2023-08-09T00:00:00.000Z,1.17,4.28,2.22,1.9,2.67,0.568,586
2023-08-10T00:00:00.000Z,1.3,8.15,2.2,2,2.5,0.516,570
2023-08-11T00:00:00.000Z,1.73,9.82,2.8,2.5,4.32,1.532,576
2023-08-12T00:00:00.000Z,1.67,22.67,4.34,2.41,8.5,4.938,584
2023-08-13T00:00:00.000Z,1.92,9.68,3.88,2.7,6.28,2.015,586
2023-08-14T00:00:00.000Z,1.92,12.75,3.7,2.72,5.25,1.986,586
2023-08-15T00:00:00.000Z,1.95,13.7,6.5,4.84,8.32,2.742,586
2023-08-16T00:00:00.000Z,1.14,9.02,2.04,1.6,2.79,0.943,585
2023-08-17T00:00:00.000Z,1.2,6.43,2.1,1.9,2.4,0.514,586
2023-08-18T00:00:00.000Z,1.9,15.9,2.7,2.47,3.08,1.048,584
2023-08-19T00:00:00.000Z,3,13.1,5.2,4.4,6.25,1.297,584
2023-08-20T00:00:00.000Z,1.65,12.4,4.25,3.2,4.95,1.867,578
2023-08-21T00:00:00.000Z,1.17,5.85,2.4,1.8,3.91,1.21,568
2023-08-22T00:00:00.000Z,1.1,5.97,3.08,2.29,3.5,0.847,582
2023-08-23T00:00:00.000Z,1.5,14.15,3.1,2.45,5.54,3.064,585
2023-08-24T00:00:00.000Z,1.52,11.27,2.42,2,3.08,0.889,584
2023-08-25T00:00:00.000Z,1.83,14.6,4.88,3.47,6.63,2.704,582
2023-08-26T00:00:00.000Z,0.93,29.73,3.19,2.35,14.35,7.652,586
2023-08-27T00:00:00.000Z,1.7,8.18,3.4,2.82,4.03,0.846,569
2023-08-28T00:00:00.000Z,1.2,6.07,2.02,1.6,2.75,0.811,583
2023-08-29T00:00:00.000Z,1.17,14.7,1.98,1.67,2.6,1.31,583
2023-08-30T00:00:00.000Z,1.02,9.57,2.54,1.8,3.05,0.793,582
2023-08-31T00:00:00.000Z,1.83,9.07,3.2,2.7,4,0.995,583
2023-09-01T00:00:00.000Z,1.5,6.15,2.25,2,2.9,0.724,581
2023-09-02T00:00:00.000Z,1.6,8.52,2.8,2.2,5.07,1.855,582
2023-09-03T00:00:00.000Z,1.5,5.95,2.65,2.37,2.97,0.845,581
2023-09-04T00:00:00.000Z,2.25,14.13,4.3,2.88,6.03,2.049,571
2023-09-05T00:00:00.000Z,2.54,19.98,5.55,3.55,9.48,3.668,584
2023-09-06T00:00:00.000Z,2.5,17.35,6.55,4.3,10.52,3.432,579
2023-09-07T00:00:00.000Z,3.38,10.48,5.53,4.68,6.4,1.563,583
2023-09-08T00:00:00.000Z,5.07,13.48,8.18,6.88,10.15,2.055,583
2023-09-09T00:00:00.000Z,6.97,47.8,13.5,9.03,16.52,4.831,576
2023-09-10T00:00:00.000Z,10.38,32.83,19.55,17.63,21.2,3.297,580
2023-09-18T00:00:00.000Z,3.72,20.25,7.97,6.63,9.19,1.953,574
2023-09-19T00:00:00.000Z,1.8,5.18,2.75,2.49,3.08,0.545,572
2023-09-20T00:00:00.000Z,1.95,7.53,3.64,3.15,4.22,0.907,552
2023-09-21T00:00:00.000Z,2.5,6.65,3.42,3.13,4.68,0.897,577
2023-09-22T00:00:00.000Z,1.17,8.88,4.05,2.97,5.38,1.978,579
2023-09-23T00:00:00.000Z,1,13.6,2.35,1.9,5.15,2.009,579
2023-09-24T00:00:00.000Z,1.67,5.9,2.2,2.04,2.42,0.394,578
2023-09-25T00:00:00.000Z,1.67,11.55,3.65,2.6,4.37,1.458,572
2023-09-26T00:00:00.000Z,4.2,28.02,10.22,6.68,16.67,5.78,558
2023-09-27T00:00:00.000Z,5.2,43.83,19.88,13.65,27.49,7.612,569
2023-09-28T00:00:00.000Z,3.45,39.6,11.22,4.55,28.64,11.743,580
2023-09-29T00:00:00.000Z,1.8,14.48,4.67,3.9,8.65,3.171,582
2023-09-30T00:00:00.000Z,1.85,6.5,2.7,2.4,3.55,0.775,575
2023-10-01T00:00:00.000Z,1.8,14.77,2.85,2.47,4.44,2.958,557
2023-10-02T00:00:00.000Z,3.88,25.33,12.69,9.8,18.2,5.004,564
2023-10-03T00:00:00.000Z,1.1,38.08,8.85,2.97,18.88,9.854,575
2023-10-04T00:00:00.000Z,2.02,8.73,3.44,2.95,3.85,0.709,574
2023-10-05T00:00:00.000Z,1.6,9.4,2.85,2.38,3.47,1.266,574
2023-10-06T00:00:00.000Z,1.85,9.98,3.42,2.8,4.82,1.842,570
2023-10-07T00:00:00.000Z,0.82,6.93,1.98,1.45,3.22,1.069,563
2023-10-08T00:00:00.000Z,0.85,33.72,1.55,1.23,2.58,2.426,570
2023-10-09T00:00:00.000Z,1.08,12.18,2.4,1.75,5.93,2.362,561
2023-10-10T00:00:00.000Z,1.42,30.02,7.82,4.09,11.05,7.451,550
2023-10-11T00:00:00.000Z,1.08,32.28,5.94,3.04,16.02,8.09,568
2023-10-12T00:00:00.000Z,1.65,6.2,2.54,2.2,3.42,0.831,563
2023-10-13T00:00:00.000Z,1.12,13,5.32,3.35,7.4,2.591,562
2023-10-14T00:00:00.000Z,1.2,3.85,2.25,1.9,2.54,0.453,576
2023-10-15T00:00:00.000Z,1.25,4.22,2.2,1.92,2.47,0.423,581
2023-10-16T00:00:00.000Z,0.85,11.65,1.9,1.6,2.4,1.21,569
2023-10-17T00:00:00.000Z,1.12,13.27,2.25,1.9,2.6,0.715,569
2023-10-18T00:00:00.000Z,0.9,6.95,1.95,1.5,2.29,0.805,564
2023-10-19T00:00:00.000Z,1.2,4.09,1.8,1.58,2.13,0.4,559
2023-10-20T00:00:00.000Z,1.3,5.97,2.08,1.75,2.4,0.554,572
2023-10-21T00:00:00.000Z,1,18,1.98,1.6,3.72,3.243,570
2023-10-22T00:00:00.000Z,1.6,17.55,3.8,2.29,8.3,4.489,579
2023-10-23T00:00:00.000Z,1.2,10.93,2.49,1.92,3.3,1.272,582
2023-10-24T00:00:00.000Z,1.2,6.97,2.8,2.13,3.72,1.19,582
2023-10-25T00:00:00.000Z,1.2,10.63,2.1,1.77,2.52,0.616,584
2023-10-26T00:00:00.000Z,1.23,4.2,2.22,1.9,2.5,0.498,581
2023-10-27T00:00:00.000Z,1.08,7.18,1.8,1.57,2.2,0.535,577
2023-10-28T00:00:00.000Z,1.5,7.7,3.13,2.7,3.53,0.679,585
2023-10-29T00:00:00.000Z,1.6,11.98,3.47,2.6,5,2.209,579
2023-10-30T00:00:00.000Z,1.4,8.1,2.67,2.29,3.17,0.716,580
2023-10-31T00:00:00.000Z,1.08,8.25,2.04,1.55,4.76,1.766,581
2023-11-01T00:00:00.000Z,0.95,7.78,1.83,1.52,3.15,1.595,568
2023-11-02T00:00:00.000Z,2.52,12.9,3.8,3.33,4.97,2.656,568
2023-11-03T00:00:00.000Z,1.4,15.95,4.09,2.47,10.67,4.623,576
2023-11-04T00:00:00.000Z,1.67,7.7,3.42,2.35,5.37,1.646,561
2023-11-05T00:00:00.000Z,2.04,10.52,3.67,3.22,4.76,1.257,568
2023-11-06T00:00:00.000Z,1.4,13.27,3.81,2.45,7.8,3.171,570
2023-11-07T00:00:00.000Z,1.63,11.98,5.07,4,6,1.711,565
2023-11-08T00:00:00.000Z,1.27,10.93,5.57,2.2,7.32,2.796,566
2023-11-09T00:00:00.000Z,1.65,8.05,3.4,2.75,4.09,1.288,530
2023-11-10T00:00:00.000Z,1.2,8.5,3.65,2.9,4.34,1.265,555
2023-11-11T00:00:00.000Z,1.55,19.14,2.85,2.5,6.5,3.163,567
2023-11-12T00:00:00.000Z,1.4,13.98,4.03,2.52,5.57,2.136,345
2023-11-13T00:00:00.000Z,1.2,15.8,4.01,3.3,5.65,2.4,566
2023-11-14T00:00:00.000Z,1.27,7.6,2.64,2.1,3.05,0.673,574
2023-11-15T00:00:00.000Z,1.1,6.28,2,1.6,2.72,0.832,572
2023-11-16T00:00:00.000Z,1.05,5.45,1.65,1.45,1.88,0.408,575
2023-11-17T00:00:00.000Z,1,5.03,1.75,1.48,2.2,0.526,577
2023-11-18T00:00:00.000Z,1.3,9.43,2.78,2.14,3.74,1.306,569
2023-11-19T00:00:00.000Z,1.2,11.2,3.63,2.24,5.13,2.063,580
2023-11-20T00:00:00.000Z,3.78,10.19,5.6,4.9,7.35,1.392,581
2023-11-21T00:00:00.000Z,2.15,5.97,3.47,2.92,4.43,0.898,573
2023-11-22T00:00:00.000Z,1.4,10.8,2.78,2.2,4.2,2.144,566
2023-11-23T00:00:00.000Z,1.58,9.9,2.52,2.25,2.92,1.287,583
2023-11-24T00:00:00.000Z,1.12,8.73,1.9,1.67,2.2,0.634,581
2023-11-25T00:00:00.000Z,1.27,5.5,1.85,1.63,2.04,0.424,558
2023-11-26T00:00:00.000Z,1.65,21.95,3.5,2.8,5.25,4.204,566
2023-11-27T00:00:00.000Z,1.48,6.47,2.83,2.45,3.22,0.628,559
2023-11-28T00:00:00.000Z,1.52,8.75,2.58,2.22,4.32,1.396,562
2023-11-29T00:00:00.000Z,2.2,11.3,4.22,3.53,5.2,1.132,573
2023-11-30T00:00:00.000Z,1.73,8.15,3.3,2.54,4.05,1.083,578
2023-12-01T00:00:00.000Z,1.92,5,2.9,2.7,3.15,0.415,568
2023-12-02T00:00:00.000Z,1.85,7.75,2.97,2.6,3.55,0.709,553
2023-12-03T00:00:00.000Z,2.13,13.8,4.22,2.95,6.18,2.188,556
2023-12-04T00:00:00.000Z,4.57,16.27,9.68,7.59,10.98,2.169,573
2023-12-05T00:00:00.000Z,2.38,10.05,4.88,3.95,6.35,1.667,581
2023-12-06T00:00:00.000Z,4.53,16.7,8.1,5.93,11.75,2.92,574
2023-12-07T00:00:00.000Z,5.63,46,13.1,8.25,18.98,6.532,561
2023-12-08T00:00:00.000Z,2.63,27.08,12.05,7.96,18.8,6.459,569
2023-12-09T00:00:00.000Z,8.1,25.7,14.15,11.88,16.27,3.13,575
2023-12-10T00:00:00.000Z,4.45,18.5,10.82,7.5,13.18,3.197,579
2023-12-11T00:00:00.000Z,1.55,8.32,3.95,3.08,5.05,1.305,571
2023-12-12T00:00:00.000Z,2.35,7.55,3.75,3.22,4.32,0.735,571
2023-12-13T00:00:00.000Z,2.4,7.03,3.85,3.38,4.3,0.707,550
2023-12-14T00:00:00.000Z,2.08,12.77,3.65,3.17,6.63,1.984,558
2023-12-15T00:00:00.000Z,2.97,16.23,6.34,4.68,9.82,3.252,562
2023-12-16T00:00:00.000Z,2.8,14.15,4.8,3.88,6.43,2.288,552
2023-12-17T00:00:00.000Z,2.2,6.6,4,3.53,4.5,0.719,555
2023-12-18T00:00:00.000Z,2.33,14.43,4.9,3.97,7.65,2.47,561
2023-12-19T00:00:00.000Z,1.42,6.55,2.85,2.29,3.4,0.807,562
2023-12-20T00:00:00.000Z,1.23,5.55,2.58,2.08,3.33,0.865,570
2023-12-21T00:00:00.000Z,1.27,5.45,2.83,2.29,3.45,0.781,566
2023-12-22T00:00:00.000Z,1.23,5.28,2.13,1.85,2.45,0.496,576
2023-12-23T00:00:00.000Z,0.98,10.57,2.13,1.75,3.37,1.193,576
2023-12-24T00:00:00.000Z,0.93,9.75,2.83,1.65,3.83,1.647,585
2023-12-25T00:00:00.000Z,2.2,6.8,3.3,2.92,3.79,0.651,560
2023-12-26T00:00:00.000Z,1.02,4.84,2.2,1.8,2.8,0.713,480
2023-12-27T00:00:00.000Z,1.38,12,2.9,2.54,3.58,1.846,551
2023-12-28T00:00:00.000Z,1.92,13.85,4.62,3.9,5.8,1.33,558
2023-12-29T00:00:00.000Z,1.65,6.72,3.28,2.52,3.8,0.889,551
2023-12-30T00:00:00.000Z,1.14,8.3,2.7,2,3.42,1.029,554
2023-12-31T00:00:00.000Z,2.7,510.73,5.85,4.84,7.69,36.439,553
2024-01-01T00:00:00.000Z,1.3,44.17,10.13,8.53,12.14,5.772,557
2024-01-02T00:00:00.000Z,1.02,5.22,1.73,1.5,2.29,0.783,546
2024-01-03T00:00:00.000Z,0.93,3.6,1.77,1.58,2.2,0.527,566
2024-01-04T00:00:00.000Z,1.1,4.5,2.04,1.8,2.38,0.474,575
2024-01-05T00:00:00.000Z,1.58,6.47,3.17,2.65,3.78,0.764,559
2024-01-06T00:00:00.000Z,2.15,6.05,3.15,2.85,3.53,0.512,570
2024-01-07T00:00:00.000Z,1.75,5.43,2.83,2.47,3.5,0.693,575
2024-01-08T00:00:00.000Z,1.48,22.6,2.52,2.15,3.83,1.466,568
2024-01-09T00:00:00.000Z,2.54,20.13,6.35,4.13,13.55,4.952,581
2024-01-10T00:00:00.000Z,4.63,17.35,7.85,6.82,9.05,2.515,578
2024-01-11T00:00:00.000Z,2.38,23.98,5.59,3.88,7.55,3.06,582
2024-01-12T00:00:00.000Z,4.3,17.57,10.03,7.57,12.77,3.075,564
2024-01-13T00:00:00.000Z,1.8,12.52,2.83,2.5,3.39,2.104,577
2024-01-14T00:00:00.000Z,1.52,4.32,2.47,2.2,2.72,0.42,560
2024-01-29T00:00:00.000Z,3.2,36.58,4.25,3.89,7.93,3.445,553
2024-01-30T00:00:00.000Z,5.25,23.13,15.34,10.43,18.32,4.36,550
2024-01-31T00:00:00.000Z,1.92,16.55,4.28,2.92,7.68,3.682,569
2024-02-01T00:00:00.000Z,2.22,9.35,4.15,3.53,4.84,1.03,554
2024-02-02T00:00:00.000Z,2.54,9.43,4.29,3.8,5.3,1.359,562
2024-02-03T00:00:00.000Z,2.4,6.7,3.53,3.15,4.05,0.725,563
2024-02-04T00:00:00.000Z,1.4,6.28,3.6,3.28,3.97,0.702,570
2024-02-05T00:00:00.000Z,1.5,10.25,2.58,2.2,3.09,0.979,561
2024-02-06T00:00:00.000Z,1.6,9.6,2.45,2.17,2.88,0.696,545
2024-02-07T00:00:00.000Z,1.58,12.3,2.52,2.2,3.17,1.745,551
2024-02-08T00:00:00.000Z,1.52,12.05,2.42,2.1,3.16,1.882,536
2024-02-09T00:00:00.000Z,1.83,5.75,2.85,2.5,3.4,0.676,546
2024-02-10T00:00:00.000Z,2.29,9.82,6.38,3.8,7.43,1.965,562
2024-02-11T00:00:00.000Z,3.17,7.07,4.82,4.3,5.43,0.778,573
2024-02-12T00:00:00.000Z,1.92,12.43,3.38,2.7,6.3,2.638,550
2024-02-13T00:00:00.000Z,2.63,19.42,8.88,5.49,12,4.045,549
2024-02-14T00:00:00.000Z,5.05,19.92,11.58,6.35,15.15,4.33,486
2024-02-15T00:00:00.000Z,2.92,15,8,5.68,9.9,2.623,565
2024-02-16T00:00:00.000Z,1.8,16.02,8.03,6.26,10.44,3.096,564
2024-02-17T00:00:00.000Z,1.33,25.42,2.22,1.88,3.69,4.627,564
2024-02-18T00:00:00.000Z,1.92,11.85,4.47,3.3,6.8,2.087,558
2024-02-19T00:00:00.000Z,1.98,13.52,4.18,3.15,6.88,2.801,527
2024-02-20T00:00:00.000Z,2.25,10.19,3.58,3.15,4.72,1.781,561
2024-02-21T00:00:00.000Z,1.7,13.23,3.8,2.6,9.19,3.474,561
2024-02-22T00:00:00.000Z,3.9,15.65,5.75,5.2,7.02,1.809,557
2024-02-23T00:00:00.000Z,0.95,16,2,1.75,2.33,2.43,580
2024-02-24T00:00:00.000Z,1.4,4.25,2.58,2.25,2.88,0.474,569
2024-02-25T00:00:00.000Z,1.7,8.85,2.9,2.33,4.4,1.364,565
2024-02-26T00:00:00.000Z,2.9,17.77,8.25,5.45,11.45,3.465,554
2024-02-27T00:00:00.000Z,3.8,16.77,7.43,6.25,8.68,1.683,571
2024-02-28T00:00:00.000Z,4.8,21.17,11.27,7.75,16.45,4.572,559
2024-02-29T00:00:00.000Z,8.52,18.5,12.93,12.07,14.1,1.636,555
2024-03-01T00:00:00.000Z,13.35,42.25,32.59,20.52,34.79,7.637,554
2024-03-02T00:00:00.000Z,29.83,49.7,36.9,35.35,39.04,3.411,548
2024-03-03T00:00:00.000Z,14.7,34.38,25.07,19.05,27.2,4.621,546
2024-03-04T00:00:00.000Z,3.25,16.85,8.5,4.22,13.52,4.464,551
2024-03-05T00:00:00.000Z,3.2,8.13,5.4,4.68,6,0.927,560
2024-03-06T00:00:00.000Z,3.1,10.5,5.5,4.65,6.5,1.633,575
2024-03-07T00:00:00.000Z,3.1,12.63,5.53,4.45,7.1,2.592,549
2024-03-08T00:00:00.000Z,2.38,18.35,6.05,3.85,9.22,3.956,564
2024-03-09T00:00:00.000Z,1.85,11.27,6.25,3.96,7.27,2.08,560
2024-03-10T00:00:00.000Z,4.18,13.4,8.63,5.5,9.9,2.369,550
2024-03-11T00:00:00.000Z,4.2,10.85,6.47,5.8,7.67,1.268,561
2024-03-12T00:00:00.000Z,3.9,16.38,7.38,6.15,8.6,2.868,570
2024-03-13T00:00:00.000Z,8.52,12.43,10.38,9.75,11.32,0.958,51
2024-03-16T00:00:00.000Z,1.23,3.22,1.67,1.52,1.88,0.379,135
2024-03-17T00:00:00.000Z,0.8,6.1,1.4,1.25,1.63,0.531,554
2024-03-18T00:00:00.000Z,1.12,2.9,1.65,1.5,1.85,0.271,543
2024-03-19T00:00:00.000Z,1.12,9.5,4.7,2.27,7.32,2.491,550
2024-03-20T00:00:00.000Z,5.88,20.38,11.59,8.82,15.18,3.563,550
2024-03-21T00:00:00.000Z,2.2,22.67,7.85,5.05,14.4,5.319,547
2024-03-22T00:00:00.000Z,2.7,23.77,8.89,3.65,16.52,6.534,474
2024-03-23T00:00:00.000Z,1.3,5.15,2.65,2.2,3.75,0.902,515
2024-03-24T00:00:00.000Z,2.4,13.4,5.4,4.47,6.7,1.922,569
2024-03-25T00:00:00.000Z,1.52,20.23,3.14,2.4,4,1.415,590
2024-03-26T00:00:00.000Z,2.15,9.93,4.8,3.92,6,1.522,587
2024-03-27T00:00:00.000Z,4.68,11.73,7.8,6.75,9.48,1.542,583
2024-03-28T00:00:00.000Z,1.35,31.88,9.27,6.63,10.5,5.912,583
2024-03-29T00:00:00.000Z,1.4,14.48,2.8,2.25,7.02,3.333,364
2024-03-30T00:00:00.000Z,3.22,19.6,6.89,5.19,13.32,4.407,576
2024-03-31T00:00:00.000Z,3.65,16,7.1,6.38,8.1,1.519,573
2024-04-01T00:00:00.000Z,3.65,15.15,7.28,6,9.19,2.032,537
2024-04-02T00:00:00.000Z,1.02,10.8,2.17,1.5,5.44,2.524,528
2024-04-03T00:00:00.000Z,1.12,4.45,2.65,2.08,3.08,0.704,558
2024-04-04T00:00:00.000Z,1.8,17.88,4.34,2.92,7.8,3.604,571
2024-04-05T00:00:00.000Z,1.9,11.02,3.28,2.75,5.15,1.892,570
2024-04-06T00:00:00.000Z,2.72,9.55,4.2,3.47,5.42,1.125,545
2024-04-07T00:00:00.000Z,1.2,8.32,2.29,1.73,5.24,2.001,565
2024-04-08T00:00:00.000Z,1.4,13.3,2.33,2,3.2,2.912,545
2024-04-09T00:00:00.000Z,2.2,15.7,4.94,3.95,9.5,3.423,546
2024-04-10T00:00:00.000Z,1.2,5.53,2.37,1.8,3,0.877,542
2024-04-11T00:00:00.000Z,2.67,12,5.45,4.7,7.65,2.124,530
2024-04-12T00:00:00.000Z,3.47,15.43,7.13,5.53,10,2.908,543
2024-04-13T00:00:00.000Z,2.5,12.77,7.05,5.19,9.39,2.449,569
2024-04-14T00:00:00.000Z,1.33,8.43,2.2,1.95,2.6,1.416,572
2024-04-15T00:00:00.000Z,1.55,3.78,2.35,2.13,2.64,0.366,569
2024-04-16T00:00:00.000Z,1.27,9.88,2.04,1.76,2.5,0.7,580
2024-04-17T00:00:00.000Z,0.93,6.78,1.9,1.5,2.72,1.246,567
2024-04-18T00:00:00.000Z,1.23,9.35,2.09,1.77,2.5,0.77,566
2024-04-19T00:00:00.000Z,1.58,5.09,2.6,2.25,2.92,0.486,564
2024-04-20T00:00:00.000Z,1.7,16.2,2.63,2.38,3.15,1.683,552
2024-04-21T00:00:00.000Z,1.73,8.35,2.72,2.25,3.75,1.383,577
2024-04-22T00:00:00.000Z,1.83,6.3,2.45,2.29,2.67,0.444,561
2024-04-23T00:00:00.000Z,1.6,8.32,3.4,2.8,3.8,1.02,559
2024-04-24T00:00:00.000Z,3.22,9.32,5.28,4.34,6.8,1.442,563
2024-04-25T00:00:00.000Z,2.04,5.95,3.22,2.75,4.05,0.82,564
2024-04-26T00:00:00.000Z,2.63,15.15,4.95,4.05,6.34,3.063,548
2024-04-27T00:00:00.000Z,2.33,20.39,5.82,4.65,11.18,4.62,551
2024-04-28T00:00:00.000Z,2.9,11.85,4.59,4.13,5.25,1.047,566
2024-04-29T00:00:00.000Z,1.8,5.82,2.6,2.27,3.15,0.744,570
2024-04-30T00:00:00.000Z,1.08,7.47,4.09,1.6,5.43,1.908,573
2024-05-01T00:00:00.000Z,3.17,47.95,4.68,4.05,5.35,2.474,555
2024-05-02T00:00:00.000Z,2.63,6.7,3.75,3.35,4,0.496,563
2024-05-03T00:00:00.000Z,2.29,26.1,3.1,2.92,3.33,1.187,564
2024-05-04T00:00:00.000Z,2.8,21.65,5.9,4.17,14.01,5.465,356
2024-05-05T00:00:00.000Z,2.29,20,10.32,6.65,15.07,5.014,459
2024-05-06T00:00:00.000Z,1,15.57,5.05,3.47,9.07,3.641,555
2024-05-07T00:00:00.000Z,1.23,7.47,2.91,2.42,3.47,0.743,572
2024-05-08T00:00:00.000Z,2.5,17.38,3.6,3.22,4.45,1.2,566
2024-05-09T00:00:00.000Z,3.6,13.45,7.18,5.75,9.9,2.426,571
2024-05-10T00:00:00.000Z,2.25,12.82,5.62,3.53,9.09,2.884,572
2024-05-11T00:00:00.000Z,1.7,112.6,6.3,4.2,7.94,5.926,573
2024-05-12T00:00:00.000Z,1.08,4.5,1.73,1.5,1.92,0.345,560
2024-05-13T00:00:00.000Z,1.1,3.9,1.75,1.6,1.9,0.274,573
2024-05-14T00:00:00.000Z,1.14,25.65,1.9,1.7,2.14,1.151,577
2024-05-15T00:00:00.000Z,1.83,4.73,2.83,2.52,3.22,0.493,553
2024-05-16T00:00:00.000Z,3.22,10.5,4.32,4,4.97,0.638,551
2024-05-17T00:00:00.000Z,2.29,5.6,4.18,3.42,4.75,0.787,568
2024-05-18T00:00:00.000Z,1.9,15.82,3.94,2.92,4.8,1.178,568
2024-05-19T00:00:00.000Z,1.85,9.82,4.59,3,5.03,1.249,567
2024-05-20T00:00:00.000Z,2.4,7.6,3.57,3.17,4.38,1.097,578
2024-05-21T00:00:00.000Z,1.33,5.15,2.5,2.08,3.04,0.764,560
2024-05-22T00:00:00.000Z,1.52,7.95,4.3,3.6,4.68,0.954,571
2024-05-23T00:00:00.000Z,2.2,14.6,6.85,5.34,8.26,2.486,572
2024-05-24T00:00:00.000Z,2.02,18.89,4.22,3.1,9.1,5.07,573
2024-05-25T00:00:00.000Z,3.35,35.33,8.63,7.18,10.13,3.076,578
2024-05-26T00:00:00.000Z,2.97,14.6,7.82,5.05,11.05,3.129,571
2024-05-27T00:00:00.000Z,2.9,17.07,6.3,4.7,7.97,2.994,571
2024-05-28T00:00:00.000Z,1.48,26.9,4.03,2.29,12.22,7.168,565
2024-05-29T00:00:00.000Z,1.83,7.4,3.75,2.5,4.59,1.416,565
2024-05-30T00:00:00.000Z,2.58,9.57,5,4.04,5.7,1.102,577
2024-05-31T00:00:00.000Z,4.09,13.6,7.1,5.93,8.14,2.138,572
2024-06-01T00:00:00.000Z,4.15,10.9,6.17,5.2,7.1,1.245,554
2024-06-02T00:00:00.000Z,3.83,12.45,7.13,5.53,8.57,2.036,566
2024-06-03T00:00:00.000Z,1.7,10.25,3.21,2.63,4.18,2.051,566
2024-06-04T00:00:00.000Z,2.02,7.93,3.5,2.96,4.03,0.839,572
2024-06-05T00:00:00.000Z,1.3,8.98,3.28,2.83,4.5,1.226,562
2024-06-06T00:00:00.000Z,2.13,7.55,4.17,3.35,5.03,1.129,558
2024-06-07T00:00:00.000Z,2.6,8.57,4.98,3.92,5.97,1.248,552
2024-06-08T00:00:00.000Z,1.3,13.73,6.69,3.28,8.05,2.853,562
2024-06-09T00:00:00.000Z,1.2,5.78,2.6,1.92,3.47,0.964,550
2024-06-10T00:00:00.000Z,1.7,4.78,2.75,2.47,3.13,0.553,549
2024-06-11T00:00:00.000Z,2.08,6.15,3.13,2.8,3.55,0.566,553
2024-06-12T00:00:00.000Z,1.14,11.63,2.2,1.65,3.1,0.944,559
2024-06-13T00:00:00.000Z,1,3.25,2.1,1.77,2.35,0.38,541
2024-06-14T00:00:00.000Z,1.9,8.1,3.33,2.44,4.17,1.521,553
2024-06-15T00:00:00.000Z,1.38,12.52,3.8,2.04,5.43,2.927,486
2024-06-16T00:00:00.000Z,1.6,7.57,2.5,2.13,2.9,0.614,551
2024-06-17T00:00:00.000Z,1.3,4.18,2,1.7,2.29,0.492,542
2024-06-18T00:00:00.000Z,1.42,7.63,2.63,2.22,3.3,1.275,569
2024-06-19T00:00:00.000Z,1.42,5.09,2.4,2.09,2.92,0.582,553
2024-06-20T00:00:00.000Z,1.14,6.03,2.58,1.8,3.4,0.881,558
2024-06-21T00:00:00.000Z,1.6,8.02,2.9,2.35,3.55,0.765,549
2024-06-22T00:00:00.000Z,2.13,17.82,3.9,3.33,5.43,3.335,537
2024-06-23T00:00:00.000Z,1.73,14.88,3.65,3.2,4.72,2.806,539
2024-06-24T00:00:00.000Z,2.38,31,3.9,3.3,7.4,4.162,542
2024-06-25T00:00:00.000Z,1.52,14.95,3.5,2.95,4.32,1.18,569
2024-06-26T00:00:00.000Z,1.98,16.63,3.6,2.8,4.59,1.461,567
2024-06-27T00:00:00.000Z,3.45,8.94,5.09,4.63,5.75,1.076,564
2024-06-28T00:00:00.000Z,1.4,19.8,8.35,2.39,11.15,4.738,549
2024-06-29T00:00:00.000Z,1.23,4.63,1.98,1.7,2.38,0.46,571
2024-06-30T00:00:00.000Z,1,6.68,2.97,1.92,3.62,1.089,568
2024-07-01T00:00:00.000Z,1.14,7.15,2,1.8,2.8,1.246,562
2024-07-02T00:00:00.000Z,1.33,4.97,2.15,1.83,2.6,0.559,563
2024-07-03T00:00:00.000Z,1.3,3.75,2.17,1.98,2.5,0.412,554
2024-07-04T00:00:00.000Z,1.02,5.72,2,1.75,2.33,0.794,578
2024-07-05T00:00:00.000Z,1.5,4.34,2.29,2.02,2.75,0.505,576
2024-07-06T00:00:00.000Z,1.7,6.4,3.28,2.7,3.9,0.952,572
2024-07-07T00:00:00.000Z,1.2,6.47,2.1,1.8,2.35,0.448,569
2024-07-08T00:00:00.000Z,1.27,6.85,2.15,1.85,2.45,0.553,564
2024-07-09T00:00:00.000Z,1.42,6.4,2.13,1.83,2.73,0.733,563
2024-07-10T00:00:00.000Z,1.4,14.48,4.84,3.38,8.1,3.016,559
2024-07-11T00:00:00.000Z,1.58,16.02,3.45,2.6,4.45,1.243,554
2024-07-12T00:00:00.000Z,1.4,30.27,2.45,2,3.32,1.473,549
2024-07-13T00:00:00.000Z,1.2,6.53,3.08,2.5,3.6,0.774,565
2024-07-14T00:00:00.000Z,1.45,5.93,2.47,2.2,2.92,0.895,574
2024-07-15T00:00:00.000Z,1.5,6.4,2.95,2.47,3.35,0.786,569
2024-07-16T00:00:00.000Z,2.17,37.65,4.09,3.38,6.03,2.268,572
2024-07-17T00:00:00.000Z,1.83,20.23,3.2,2.83,3.84,3.238,573
2024-07-18T00:00:00.000Z,1.75,6.63,3,2.5,3.58,0.732,563
2024-07-19T00:00:00.000Z,1.88,7.88,3.3,2.72,4.15,0.893,568
2024-07-20T00:00:00.000Z,1.6,7.6,2.47,2,4.65,1.423,564
2024-07-21T00:00:00.000Z,1.6,15.52,3.3,2.4,3.63,1.364,565
2024-07-22T00:00:00.000Z,1.75,7.72,3.3,2.6,4.4,1.305,563
2024-07-23T00:00:00.000Z,1.77,9.15,3.03,2.5,4.92,1.637,569
2024-07-24T00:00:00.000Z,1.9,13.18,3.8,2.92,7.38,3.036,575
2024-07-25T00:00:00.000Z,1.8,6.45,3.3,2.63,4.09,0.842,575
2024-07-26T00:00:00.000Z,1.85,13.9,3.13,2.52,6.53,3.409,570
2024-07-27T00:00:00.000Z,1.3,39.65,3.28,2.38,5.07,2.772,554
2024-07-28T00:00:00.000Z,1.4,5.3,2.45,2.15,2.84,0.643,548
2024-07-29T00:00:00.000Z,1.6,4.75,2.52,2.17,2.9,0.623,571
2024-07-30T00:00:00.000Z,1.14,7.97,2.7,2.19,3.95,1.088,573
2024-07-31T00:00:00.000Z,1.33,7.07,3,2.2,3.62,0.991,569
2024-08-01T00:00:00.000Z,1.85,5.38,2.5,2.29,2.71,0.397,561
2024-08-02T00:00:00.000Z,1.77,6.35,3,2.7,3.42,0.612,566
2024-08-03T00:00:00.000Z,3.13,15.9,5.32,4.82,5.78,0.96,562
2024-08-04T00:00:00.000Z,1.73,19.55,4.15,2.85,9.9,4.711,559
2024-08-05T00:00:00.000Z,1.17,6.32,2.1,1.63,2.7,0.697,559
2024-08-06T00:00:00.000Z,1.5,4.95,2.22,2,2.83,0.675,559
2024-08-07T00:00:00.000Z,1.98,6.32,3.3,2.88,4.03,0.826,559
2024-08-08T00:00:00.000Z,1.42,6.97,2.78,2.08,3.5,1.099,564
2024-08-09T00:00:00.000Z,1.75,9.18,2.92,2.4,4.15,1.586,547
2024-08-10T00:00:00.000Z,1.5,7.85,2.47,2.15,3.05,0.765,556
2024-08-11T00:00:00.000Z,1.05,5.68,1.83,1.52,3.83,1.327,566
2024-08-12T00:00:00.000Z,1.08,11.38,1.88,1.63,2.2,0.611,564
2024-08-13T00:00:00.000Z,0.85,3.78,1.85,1.5,2.15,0.449,559
2024-08-14T00:00:00.000Z,1.4,4.5,2.19,2,2.4,0.331,528
2024-08-15T00:00:00.000Z,2.1,9.57,3.95,2.88,5.85,1.759,493
2024-08-16T00:00:00.000Z,1.3,20.7,8.18,3.4,13.53,5.63,461
2024-08-17T00:00:00.000Z,1.3,12.13,2.34,1.77,3.25,1.764,552
2024-08-18T00:00:00.000Z,1.4,8.5,2.29,1.88,4.45,1.863,538
2024-08-19T00:00:00.000Z,2.95,6.65,4.43,3.97,5.13,0.771,542
2024-08-20T00:00:00.000Z,3.03,9.8,7.13,6.1,7.78,1.542,554
2024-08-21T00:00:00.000Z,1.1,15.6,2,1.63,7.13,3.889,546
2024-08-22T00:00:00.000Z,1.6,5.93,2.5,2.2,3.6,0.86,564
2024-08-23T00:00:00.000Z,1.83,7,3.3,2.76,3.96,1.031,564
2024-08-24T00:00:00.000Z,2.13,10.1,3.35,2.7,4.3,1.814,560
2024-08-25T00:00:00.000Z,1.23,8.38,2.65,2.29,3.28,1.23,555
2024-08-26T00:00:00.000Z,1.8,14.07,4.47,3.78,11.68,3.997,539
2024-08-27T00:00:00.000Z,2.9,10.55,4.38,3.8,5.25,1.638,559
2024-08-28T00:00:00.000Z,4.18,11.23,7.5,5.65,8.82,1.763,545
2024-08-29T00:00:00.000Z,8.77,19.89,13.48,10.9,14.88,2.611,546
2024-08-30T00:00:00.000Z,2.02,10.77,4.13,3.25,6.2,2.005,555
2024-08-31T00:00:00.000Z,1.12,12.65,3.85,2.35,7.52,2.898,561
2024-09-01T00:00:00.000Z,1.8,9.88,3.85,2.83,4.32,1.095,538
2024-09-02T00:00:00.000Z,3.03,7.95,4.78,4.2,5.27,0.919,556
2024-09-03T00:00:00.000Z,3.3,9.63,6.53,4.9,7.26,1.335,557
2024-09-04T00:00:00.000Z,6.83,15.95,10,9.1,11,1.304,558
2024-09-05T00:00:00.000Z,5.13,15.47,9.1,7.45,12.75,2.907,559
2024-09-06T00:00:00.000Z,6.35,12.68,8.89,8.13,10.65,1.501,550
2024-09-07T00:00:00.000Z,5.45,24.63,11.77,8.27,13.02,2.947,496
2024-09-08T00:00:00.000Z,5.65,15.32,9.68,7.8,11.27,2.12,550
2024-09-09T00:00:00.000Z,1.63,20.38,7.72,5.45,11.19,4.163,560
2024-09-10T00:00:00.000Z,1.35,7.68,2.35,1.92,3.67,1.416,545
2024-09-11T00:00:00.000Z,0.93,5.6,1.73,1.33,2.1,0.482,560
2024-09-12T00:00:00.000Z,0.77,6.97,1.33,1.2,1.66,0.803,565
2024-09-13T00:00:00.000Z,1.08,7.5,1.85,1.63,2.17,0.621,513
2024-09-14T00:00:00.000Z,0.95,6.07,1.6,1.4,1.83,0.638,554
2024-09-15T00:00:00.000Z,1.05,5.6,1.6,1.4,2.04,0.575,569
2024-09-16T00:00:00.000Z,1,5.8,1.85,1.45,2.29,0.661,567
2024-09-17T00:00:00.000Z,1.6,9.85,4.2,3.35,5.13,1.494,572
2024-09-18T00:00:00.000Z,3.05,19.67,9.74,6.69,11.45,3.067,568
2024-09-19T00:00:00.000Z,1.9,12.23,3.75,3.05,6.13,1.638,563
2024-09-20T00:00:00.000Z,5.35,11.45,8.07,7.25,9.06,1.162,564
2024-09-21T00:00:00.000Z,5.32,19.1,9.23,8.05,10.57,2.432,555
2024-09-22T00:00:00.000Z,8.23,18.82,11.4,10.07,13.25,2.234,562
2024-09-23T00:00:00.000Z,5.6,22.52,13.23,9.65,17.82,4.493,556
2024-09-24T00:00:00.000Z,4.18,26.08,11.67,8.44,17.45,5.64,552
2024-09-25T00:00:00.000Z,1.85,21,4.29,2.9,5.87,4.451,552
2024-09-26T00:00:00.000Z,1.12,9.85,3.39,2.22,5.09,2.054,546
2024-09-27T00:00:00.000Z,1.52,7.35,2.78,2.25,3.55,1.247,430
2024-09-28T00:00:00.000Z,0.9,5.09,1.7,1.48,1.96,0.451,404
2024-09-29T00:00:00.000Z,0.77,9.69,1.72,1.4,3.33,2.189,570
2024-09-30T00:00:00.000Z,0.95,10.27,1.55,1.4,1.73,0.65,568
2024-10-01T00:00:00.000Z,1.08,3.53,1.55,1.4,1.73,0.298,567
2024-10-02T00:00:00.000Z,0.98,9.05,1.55,1.4,1.73,0.559,568
2024-10-03T00:00:00.000Z,0.7,22.9,1.5,1.3,1.65,1.238,566
2024-10-04T00:00:00.000Z,0.98,12.82,2.1,1.6,5.47,2.66,494
2024-10-05T00:00:00.000Z,1.33,17.5,6.45,4.55,10.18,3.781,575
2024-10-06T00:00:00.000Z,1.23,16.88,2.4,1.9,9.68,4.4,567
2024-10-07T00:00:00.000Z,2.35,14.9,5.75,4.34,10.75,3.386,574
2024-10-08T00:00:00.000Z,7.4,21.65,13.05,11.68,14.65,2.119,567
2024-10-09T00:00:00.000Z,2,19.48,10.05,3.83,13.57,4.862,574
2024-10-10T00:00:00.000Z,1.12,5.78,2.92,2.4,3.4,0.82,570
2024-10-11T00:00:00.000Z,1.2,6.82,2.2,1.9,2.5,0.55,568
2024-10-12T00:00:00.000Z,1.38,6.75,2.34,2.1,2.7,0.648,566
2024-10-13T00:00:00.000Z,1.9,12.25,4.88,3.57,5.68,1.547,572
2024-10-14T00:00:00.000Z,1.08,8.8,2.8,2,4.75,1.926,578
2024-10-15T00:00:00.000Z,1.3,8.35,2.65,2.13,3.6,0.986,572
2024-10-16T00:00:00.000Z,1.52,20.5,2.94,2.2,4.5,1.602,572
2024-10-17T00:00:00.000Z,4.34,8.73,6.25,5.62,7.14,0.962,569
2024-10-18T00:00:00.000Z,6.32,20.48,9.75,7.38,12.63,2.724,567
2024-10-19T00:00:00.000Z,8,15.2,11.77,9.73,12.93,1.714,572
2024-10-20T00:00:00.000Z,5.78,15.4,11.17,9.15,12.27,2.214,566
2024-10-21T00:00:00.000Z,2.54,11.73,5.15,4.38,5.7,1.444,573
2024-10-22T00:00:00.000Z,1.63,7.5,3.03,2.33,4.3,1.329,572
2024-10-23T00:00:00.000Z,1.63,8.23,3.4,2.9,4.23,1.42,572
2024-10-24T00:00:00.000Z,4.65,19.67,10.7,8.77,13.18,3.223,574
2024-10-25T00:00:00.000Z,6.57,38.7,21.75,14.4,23.69,6.071,508
2024-10-26T00:00:00.000Z,13.02,29.9,18.23,16.5,21.67,3.549,571
2024-10-27T00:00:00.000Z,1.5,35.97,4,2.7,22.35,11.1,559
2024-10-28T00:00:00.000Z,1.83,11.4,5.85,2.65,8.4,2.889,558
2024-10-29T00:00:00.000Z,1.6,11.57,5.52,3.92,7.13,2.128,570
2024-10-30T00:00:00.000Z,1.08,6.3,2.9,2.15,3.7,1.025,568
2024-10-31T00:00:00.000Z,1.9,5.97,3.16,2.7,3.58,0.767,574
2024-11-01T00:00:00.000Z,1.1,6.18,3.05,2.54,3.58,0.769,563
2024-11-02T00:00:00.000Z,0.77,8.02,1.7,1.27,2.96,1.378,544
2024-11-03T00:00:00.000Z,1.3,4.53,2.1,1.9,2.35,0.426,550
2024-11-04T00:00:00.000Z,1.14,6.22,2.29,1.92,2.78,0.998,531
2024-11-05T00:00:00.000Z,1.14,10.25,3.92,2.9,4.63,1.495,471
2024-11-06T00:00:00.000Z,3.83,16.42,7.18,5.72,8.8,2.49,463
2024-11-07T00:00:00.000Z,2.95,15.63,6.9,5.68,7.9,1.774,530
2024-11-08T00:00:00.000Z,1.27,8.35,2.64,2.1,3.58,1.381,504
2024-11-09T00:00:00.000Z,6.82,21.63,16.23,13.35,18.13,3.458,482
2024-11-10T00:00:00.000Z,9.9,25.7,15.4,13.95,18.27,3.199,431
2024-11-11T00:00:00.000Z,9.88,29.7,14.95,13.53,16.89,2.344,501
2024-11-12T00:00:00.000Z,2.04,20.14,5.4,3.45,6.75,2.97,413
2024-11-13T00:00:00.000Z,1.67,13.38,5.96,4.7,8.15,2.361,456
2024-11-14T00:00:00.000Z,1.2,11.5,3.2,2.2,4.95,1.624,409
2024-11-15T00:00:00.000Z,1.25,9.8,3.22,2.33,4.57,1.388,527
2024-11-16T00:00:00.000Z,1.2,8.4,2.8,2.34,4.05,1.367,545
2024-11-17T00:00:00.000Z,1.17,3.92,1.9,1.73,2.17,0.364,554
2024-11-18T00:00:00.000Z,1.23,4.63,2.2,1.95,2.6,0.499,531
2024-11-19T00:00:00.000Z,1.05,34.35,2,1.7,3,2.243,498
2024-11-20T00:00:00.000Z,1.1,9.48,2.35,1.98,2.92,0.984,475
2024-11-21T00:00:00.000Z,1.1,15.23,3.57,2.35,8.07,3.388,456
2024-11-22T00:00:00.000Z,1.5,10.65,3.58,2.88,4.88,1.552,487
2024-11-23T00:00:00.000Z,1.2,8.23,2.37,1.9,4.07,1.759,354
2024-11-24T00:00:00.000Z,1.2,5.28,2.58,2.2,3.14,0.732,473
2024-11-25T00:00:00.000Z,1.75,4.97,2.38,2.2,2.8,0.642,455
2024-11-26T00:00:00.000Z,2.95,13.7,4.25,3.8,4.8,0.803,570
2024-11-27T00:00:00.000Z,2.02,10.32,3.83,3,4.68,1.452,570
2024-11-28T00:00:00.000Z,1,8.98,2.08,1.52,2.5,1.404,543
2024-11-29T00:00:00.000Z,1.2,10.3,3.86,2.27,4.93,1.749,564
2024-11-30T00:00:00.000Z,3.03,7.5,5.07,4.34,5.7,0.901,511
2024-12-01T00:00:00.000Z,5.28,15.2,7.5,6.78,8.77,1.66,383
2024-12-02T00:00:00.000Z,6.32,22.33,15.65,10.79,16.98,3.869,465
2024-12-03T00:00:00.000Z,1.12,20.13,3.35,2.46,15.5,6.525,512
2024-12-04T00:00:00.000Z,1.2,7.85,1.63,1.5,1.8,0.576,496
2024-12-05T00:00:00.000Z,1.12,8.25,2.7,1.88,4.63,1.774,436
2024-12-06T00:00:00.000Z,3,25.33,6.8,5.31,14.89,4.912,576
2024-12-07T00:00:00.000Z,2.17,14.8,4.93,3.78,7.97,2.898,539
2024-12-08T00:00:00.000Z,2.9,14.18,6.78,4.75,10.28,3.061,553
2024-12-09T00:00:00.000Z,1.35,7.2,2.29,2.08,2.79,0.675,569
2024-12-10T00:00:00.000Z,1.55,14.15,2.8,2.21,4.4,1.703,492
2024-12-11T00:00:00.000Z,2.42,10.57,4.5,3.83,5.5,1.23,539
2024-12-12T00:00:00.000Z,2.22,15.6,4.47,3.79,6.18,1.696,568
2024-12-13T00:00:00.000Z,2.78,12.6,4.55,4.05,5.34,1.401,556
2024-12-14T00:00:00.000Z,1.6,54.35,7.28,2.76,11.77,4.914,521
2024-12-15T00:00:00.000Z,1.25,4.78,2.33,2.04,2.85,0.577,499
2024-12-16T00:00:00.000Z,1.12,4.22,2.29,1.85,2.8,0.606,531
2024-12-17T00:00:00.000Z,1,6.68,2,1.53,3.08,1.22,510
2024-12-18T00:00:00.000Z,2,13.75,7.44,5.71,9.53,3.11,452
2024-12-19T00:00:00.000Z,1.4,7.9,2.72,2.08,3.42,0.966,289
2024-12-20T00:00:00.000Z,2,5.2,3.33,2.97,3.72,0.593,434
2024-12-21T00:00:00.000Z,2.17,13.05,4.4,3.6,6.2,2.218,455
2024-12-22T00:00:00.000Z,1.6,5.18,3,2.67,3.38,0.554,526
2024-12-23T00:00:00.000Z,1.45,8.55,2.63,2.29,3,0.73,523
2024-12-24T00:00:00.000Z,2.29,7.25,3.8,3.25,4.73,1.109,552
2024-12-25T00:00:00.000Z,4.45,21.05,8.98,7.47,10.85,2.618,568
2024-12-26T00:00:00.000Z,1,12.32,3.33,2.29,4.43,1.42,535
2024-12-27T00:00:00.000Z,2.29,10.5,4.2,3.65,4.95,1.11,556
2024-12-28T00:00:00.000Z,2.22,13.6,5.53,3.9,6.85,2.358,549
2024-12-29T00:00:00.000Z,3.05,20.88,10.45,8.52,13.07,3.982,479
2024-12-30T00:00:00.000Z,1.92,5.57,3.42,2.96,3.87,0.647,253
2024-12-31T00:00:00.000Z,1.08,81.22,3.25,2.33,8.11,6.226,384
2025-01-01T00:00:00.000Z,1.1,13.98,3.25,2.1,7.53,3.254,546
2025-01-02T00:00:00.000Z,0.88,5.53,1.65,1.38,1.98,0.548,559
2025-01-03T00:00:00.000Z,1.02,4.82,1.7,1.5,1.98,0.437,533
2025-01-04T00:00:00.000Z,1.08,8.25,2.29,1.9,2.9,0.864,495
2025-01-05T00:00:00.000Z,1.4,11.8,4.72,3.75,5.75,1.733,511
2025-01-06T00:00:00.000Z,1.27,8.1,4.03,2.88,5.03,1.521,546
2025-01-07T00:00:00.000Z,1.1,6.05,2.67,2,3.17,0.794,576
2025-01-08T00:00:00.000Z,1.58,5.85,2.6,2.27,3.03,0.651,575
2025-01-09T00:00:00.000Z,1.8,10.65,4.78,3.56,5.93,1.798,556
2025-01-10T00:00:00.000Z,1.4,7.15,2.29,1.92,2.87,0.963,573
2025-01-11T00:00:00.000Z,1.12,7.85,1.62,1.48,1.8,0.449,526
2025-01-12T00:00:00.000Z,0.88,6.25,1.55,1.33,2.04,0.844,546
2025-01-13T00:00:00.000Z,2.75,10.35,5.47,4.5,6.25,1.328,487
2025-01-14T00:00:00.000Z,2.92,23.23,6.03,4.15,15.23,6.088,396
2025-01-15T00:00:00.000Z,2.4,21.38,4.55,3.88,6.94,2.3,569
2025-01-16T00:00:00.000Z,3.7,13.48,5.9,4.96,7.89,2.234,568
2025-01-17T00:00:00.000Z,4.72,21.17,12.65,11.05,14.22,3.117,573
2025-01-18T00:00:00.000Z,4.75,17.63,8.9,7.6,10.55,2.796,566
2025-01-19T00:00:00.000Z,3.22,12.13,6.18,5.2,7.47,1.627,557
2025-01-20T00:00:00.000Z,2.78,23.58,5.25,4.53,11.26,5.025,564
2025-01-21T00:00:00.000Z,8.3,19.67,14.43,13.18,16.25,2.066,564
2025-01-22T00:00:00.000Z,4.4,19.38,14.3,12.42,15.64,2.977,568
2025-01-23T00:00:00.000Z,1.52,22.67,7.25,3.15,15.45,6.436,569
2025-01-24T00:00:00.000Z,2.29,13.85,6.35,4.95,8.1,2.457,570
2025-01-25T00:00:00.000Z,2,11.7,3.85,3.2,6,2.028,531
2025-01-26T00:00:00.000Z,2.35,6.55,3.1,2.85,3.55,0.924,211
2025-01-27T00:00:00.000Z,1,8.23,2.63,1.73,3.35,1.318,479
2025-01-28T00:00:00.000Z,1.4,18,2.76,2.1,6.07,3.153,578
2025-01-29T00:00:00.000Z,2.2,16.14,8.82,5.97,11,3.223,574
2025-01-30T00:00:00.000Z,1.4,9.25,3.01,2.59,3.69,1.032,412
2025-01-31T00:00:00.000Z,1.3,8.93,3.21,2.5,4.03,1.108,510
2025-02-01T00:00:00.000Z,1.48,18.6,5.13,3.87,6.49,2.161,428
2025-02-02T00:00:00.000Z,4.88,15.6,9.81,7.03,12,2.701,518
2025-02-03T00:00:00.000Z,3.85,23.42,12.07,9.93,13.77,3.784,554
2025-02-04T00:00:00.000Z,14.8,38.25,23.3,21.67,25.13,2.644,547
2025-02-05T00:00:00.000Z,1.5,25.88,4.59,2.85,19.89,8.568,555
2025-02-06T00:00:00.000Z,1.6,11.55,3.74,3,4.4,1.192,542
2025-02-07T00:00:00.000Z,1.27,19.3,2.2,1.9,3,4.68,494
2025-02-08T00:00:00.000Z,5.93,17.42,10.22,8.48,11.9,2.043,506
2025-02-09T00:00:00.000Z,8.48,18.85,12.13,11.15,13.3,1.449,569
2025-02-10T00:00:00.000Z,4.75,12.7,7.69,6.53,9.1,1.617,554
2025-02-11T00:00:00.000Z,3.95,7.6,5.56,5.05,6.06,0.717,276
2025-02-12T00:00:00.000Z,5.03,12.43,8.5,7.3,9.57,1.572,486
2025-02-13T00:00:00.000Z,2.25,11.48,7.8,5.73,8.74,2.147,469
2025-02-14T00:00:00.000Z,1.1,5.57,1.8,1.6,2.1,0.687,295
2025-02-15T00:00:00.000Z,1.2,11.07,2.78,2.35,3.58,1.104,380
2025-02-16T00:00:00.000Z,1.05,6.5,1.63,1.42,1.9,0.453,327
2025-02-17T00:00:00.000Z,1.73,6.68,3,2.58,3.4,0.731,408
2025-02-18T00:00:00.000Z,1.2,11.4,3.59,2.67,5.97,2.146,460
2025-02-19T00:00:00.000Z,1.3,18.45,6.6,4.15,8.48,3.432,511
2025-02-20T00:00:00.000Z,2.7,18.85,8.02,5.96,11.62,3.446,508
2025-02-21T00:00:00.000Z,13.52,37.15,25.73,22.83,28.45,5.141,571
2025-02-22T00:00:00.000Z,14.13,35.85,20.39,18.05,27.57,5.383,572
2025-02-23T00:00:00.000Z,3.25,33.13,11.7,7.82,18.85,6.865,577
2025-02-24T00:00:00.000Z,4.3,15.3,7.02,6.38,7.88,1.435,572
2025-02-25T00:00:00.000Z,4.68,15.95,8.84,7.07,10.19,2.183,562
2025-02-26T00:00:00.000Z,4.28,26.3,12.45,9.57,14.1,2.793,573
2025-02-27T00:00:00.000Z,4.03,17.27,7.38,6.65,8.5,1.811,403
2025-02-28T00:00:00.000Z,3.88,11.32,8.88,7.88,9.49,1.231,100
2025-03-01T00:00:00.000Z,2.58,13.13,4.82,3.99,7.87,2.523,388
2025-03-02T00:00:00.000Z,1.5,10.4,2.72,2.2,4.46,2.013,573
2025-03-03T00:00:00.000Z,2.08,8.52,3.74,3,4.8,1.418,566
2025-03-04T00:00:00.000Z,2.02,13.18,3.65,2.9,7.68,3.023,571
2025-03-05T00:00:00.000Z,4.9,14.4,8.27,7.32,9.88,1.657,568
2025-03-06T00:00:00.000Z,7.4,23.83,11.23,9.02,13.43,4.089,146
2025-03-07T00:00:00.000Z,12.38,38.97,20.7,14.8,24.13,4.955,422
2025-03-08T00:00:00.000Z,6.35,34.2,25.38,22.35,28.65,6.566,571
2025-03-09T00:00:00.000Z,10.85,38.72,22.07,18.82,26.43,6.005,574
2025-03-10T00:00:00.000Z,8.2,31.7,18.75,16.35,21.1,3.678,567
2025-03-11T00:00:00.000Z,3.5,27.83,19.54,6.35,23.05,8.363,574
2025-03-12T00:00:00.000Z,2.4,15.38,7.03,5.9,9.96,3.087,577
2025-03-13T00:00:00.000Z,4.7,17.67,9.44,8.38,10.85,1.974,388
2025-03-14T00:00:00.000Z,1.5,13.88,3.28,2.52,8.19,3.281,358
2025-03-15T00:00:00.000Z,1.8,2.29,2.12,1.95,2.19,0.149,12
2025-03-18T00:00:00.000Z,3.25,6.03,4.34,4.03,4.72,0.557,67
2025-03-19T00:00:00.000Z,2.52,9.38,4.28,3.55,5.55,1.357,567
2025-03-20T00:00:00.000Z,4.25,21.55,10.82,9.39,12.99,3.142,573
2025-03-21T00:00:00.000Z,1.05,14.93,4.82,3.1,9.15,3.397,575
2025-03-22T00:00:00.000Z,3.27,10.63,6.03,5.13,7.71,1.604,577
2025-03-23T00:00:00.000Z,6.47,12.07,8.75,8.02,9.38,0.911,570
2025-03-24T00:00:00.000Z,8.27,32.88,11.51,9.93,20.76,6.913,572
2025-03-25T00:00:00.000Z,2,40.22,17.05,13.04,30.32,10.486,576
2025-03-26T00:00:00.000Z,0.7,14.38,2.9,1.95,3.58,1.235,576
2025-03-27T00:00:00.000Z,2.97,6.2,3.91,3.55,4.29,0.573,216
2025-03-28T00:00:00.000Z,9.52,22.23,13.98,12.56,16,2.714,437
2025-03-29T00:00:00.000Z,1.2,24.1,3.95,2.5,15.56,7.123,565
2025-03-30T00:00:00.000Z,1.6,8.44,3.28,2.65,4.34,1.089,493
2025-03-31T00:00:00.000Z,0.93,18.67,2.63,1.8,3.4,1.41,531
2025-04-01T00:00:00.000Z,0.98,3.5,1.83,1.48,2.13,0.444,222
2025-04-02T00:00:00.000Z,1.17,13.5,4.17,2.45,5.7,2.081,170
2025-04-03T00:00:00.000Z,0.6,10.5,2.04,1.05,4.09,1.922,566
2025-04-04T00:00:00.000Z,1.4,7.75,3.28,2.25,4.15,1.336,567
2025-04-05T00:00:00.000Z,0.7,8.88,1.4,1.2,1.67,0.622,546
2025-04-06T00:00:00.000Z,0.95,6.2,1.63,1.3,2,0.538,347
2025-04-07T00:00:00.000Z,1.14,17.8,1.84,1.58,2.22,1.494,318
2025-04-08T00:00:00.000Z,1,6.07,2.04,1.58,2.65,0.714,555
2025-04-09T00:00:00.000Z,1.55,10.95,3.24,2.4,4.7,1.436,566
2025-04-10T00:00:00.000Z,1.37,9.69,2.29,1.85,4.32,1.545,570
2025-04-11T00:00:00.000Z,1.7,13.55,3.5,2.85,5.64,1.694,552
2025-04-12T00:00:00.000Z,2.38,22.05,5.73,4.55,7.6,3.494,574
2025-04-13T00:00:00.000Z,7.6,32.79,13.85,11.73,15.95,6.034,533
2025-04-14T00:00:00.000Z,8.98,29.33,15.52,12.92,19.5,4.509,569
2025-04-15T00:00:00.000Z,5.6,24.85,11.31,7.85,13.73,4.778,550
2025-04-16T00:00:00.000Z,8.52,26.45,12.8,11.63,16.69,3.973,556
2025-04-17T00:00:00.000Z,6.1,24.15,11.13,9.25,15.8,4.096,558
2025-04-18T00:00:00.000Z,1.5,16.82,4.8,2.52,8.55,4.509,563
2025-04-19T00:00:00.000Z,2.22,11.5,5.45,4.54,7.5,2.166,485
2025-04-20T00:00:00.000Z,2.52,24.8,12.5,9.19,16.09,4.943,572
2025-04-21T00:00:00.000Z,2.7,11.93,6.79,4.07,8.05,2.177,568
2025-04-22T00:00:00.000Z,5.72,24.27,11.92,8.57,15.18,4.117,554
2025-04-23T00:00:00.000Z,1.83,17.75,4.78,3.37,9.91,3.461,561
2025-04-24T00:00:00.000Z,1.67,9.48,3.57,2.8,5.52,1.866,572
2025-04-25T00:00:00.000Z,1.55,33.83,3.22,2.6,4.22,1.768,556
2025-04-26T00:00:00.000Z,1.6,8.4,2.33,2.1,2.65,1.231,566
2025-04-27T00:00:00.000Z,1.5,5.25,2.7,2.4,3.1,0.571,567
2025-04-28T00:00:00.000Z,2.5,8.02,4.09,3.47,4.84,0.871,561
2025-04-29T00:00:00.000Z,1.14,9.13,2.4,1.8,4.7,2.073,547
2025-04-30T00:00:00.000Z,1.8,13.25,3.9,2.67,4.97,1.535,563
2025-05-01T00:00:00.000Z,2.54,9.94,6.6,5.38,7.57,1.634,574
2025-05-02T00:00:00.000Z,1.4,20.52,4.82,2.35,6.34,3.782,520
2025-05-03T00:00:00.000Z,1.4,16.89,2.13,1.85,2.47,0.926,464
2025-05-04T00:00:00.000Z,1.42,27.7,2.08,1.88,2.42,1.214,555
2025-05-05T00:00:00.000Z,1.33,6.72,1.92,1.73,2.15,0.486,565
2025-05-06T00:00:00.000Z,1,6.05,2.5,1.6,3.5,1.008,566
2025-05-07T00:00:00.000Z,1.2,5.2,1.83,1.67,2.1,0.494,566
2025-05-08T00:00:00.000Z,1.58,8.48,2.95,2.25,4.43,1.256,559
2025-05-09T00:00:00.000Z,1.73,12.18,3.85,3.03,4.57,1.189,561
2025-05-10T00:00:00.000Z,1.7,7.78,3.59,2.58,5.25,1.515,574
2025-05-11T00:00:00.000Z,1.88,5.15,2.62,2.33,3.1,0.518,574
2025-05-12T00:00:00.000Z,2,23.45,3.13,2.75,3.7,1.189,571
2025-05-13T00:00:00.000Z,1.5,8.02,3.1,2.13,5,1.68,568
2025-05-14T00:00:00.000Z,1.27,9.44,4.8,2.1,5.75,1.948,569
2025-05-15T00:00:00.000Z,1.2,5.13,2.29,1.91,2.65,0.594,576
2025-05-16T00:00:00.000Z,1.65,8.02,2.42,2.2,2.67,0.654,562
2025-05-17T00:00:00.000Z,1.5,105.38,2.33,2.1,2.67,6.642,566
2025-05-18T00:00:00.000Z,1.6,98.53,2.54,2.27,2.95,4.828,577
2025-05-19T00:00:00.000Z,1.58,83.13,2.4,2.1,2.67,4.39,559
2025-05-20T00:00:00.000Z,1.7,8.94,2.5,2.27,2.8,1.32,567
2025-05-21T00:00:00.000Z,2.13,174.35,4.38,3.61,5.3,9.464,577
2025-05-22T00:00:00.000Z,1.14,150.05,1.9,1.67,2.46,7.016,580
2025-05-23T00:00:00.000Z,0.9,9.18,1.58,1.34,1.77,0.537,580
2025-05-24T00:00:00.000Z,1.4,6.1,2.5,2.04,2.95,0.636,576
2025-05-25T00:00:00.000Z,3.8,12.3,5.95,5.21,7,1.491,573
2025-05-26T00:00:00.000Z,1.1,6.68,2.08,1.8,3,1.044,562
2025-05-27T00:00:00.000Z,1.7,6.72,3.42,2.7,4.13,1.054,578
2025-05-28T00:00:00.000Z,1.27,6.6,2.1,1.8,2.78,0.793,576
2025-05-29T00:00:00.000Z,0.9,46.42,2,1.6,2.65,2.017,566
2025-05-30T00:00:00.000Z,1.3,6.03,3.22,2.35,4,1.047,573
2025-05-31T00:00:00.000Z,0.7,5,1.7,1.3,3.17,1.055,563
2025-06-01T00:00:00.000Z,2.1,11.85,4.97,4.2,6.79,2.072,548
2025-06-02T00:00:00.000Z,1.45,6.85,3.14,2.25,4.28,1.367,574
2025-06-03T00:00:00.000Z,1.92,4.65,2.78,2.5,3.3,0.561,557
2025-06-04T00:00:00.000Z,2.13,9.5,4.55,3.3,6,1.643,574
2025-06-05T00:00:00.000Z,1.75,7.75,3.08,2.54,4.88,1.431,574
2025-06-06T00:00:00.000Z,1.3,7.1,2.02,1.73,3.3,1.276,574
2025-06-07T00:00:00.000Z,1,9.55,2.42,2.02,3.01,1.29,561
2025-06-08T00:00:00.000Z,1.5,8.63,2.6,2.15,3.16,0.888,568
2025-06-09T00:00:00.000Z,1.02,6.5,1.8,1.5,2.44,1.158,568
2025-06-10T00:00:00.000Z,1.92,18.67,12.24,7.85,14.5,4.07,558
2025-06-11T00:00:00.000Z,1.48,11.1,2.42,2.1,4.2,2.232,569
2025-06-12T00:00:00.000Z,1.1,4.15,1.8,1.45,2.29,0.515,507
2025-06-13T00:00:00.000Z,0.95,4.9,1.4,1.3,1.7,0.375,568
2025-06-14T00:00:00.000Z,1.42,16.03,2.33,2,3.3,1.094,555
2025-06-15T00:00:00.000Z,1.67,8.93,5.23,4.84,5.79,1.269,360
2025-06-16T00:00:00.000Z,2.13,5.82,3.85,3.32,4.2,0.672,429
2025-06-17T00:00:00.000Z,3.92,314.85,5.57,5.09,6.07,13.399,574
2025-06-18T00:00:00.000Z,1.5,9.6,3.4,2.29,5.09,2.171,573
2025-06-19T00:00:00.000Z,1.1,4.2,2.1,1.8,2.35,0.457,552
2025-06-20T00:00:00.000Z,1.7,6.55,2.65,2.29,3,0.607,566
2025-06-21T00:00:00.000Z,1.3,5.63,2.6,2.22,2.97,0.663,554
2025-06-22T00:00:00.000Z,1.48,6.18,3.25,2.63,4.12,1.058,560
2025-06-23T00:00:00.000Z,1.27,11.6,3.94,2.58,7.38,2.953,558
2025-06-24T00:00:00.000Z,1.5,4.93,2.35,2.04,2.67,0.428,573
2025-06-25T00:00:00.000Z,1.35,7.18,2.25,1.92,2.7,0.569,569
2025-06-26T00:00:00.000Z,1.8,5.43,3.2,2.72,3.6,0.617,575
2025-06-27T00:00:00.000Z,1.5,11.27,2.78,2.04,5.28,2.393,575
2025-06-28T00:00:00.000Z,2.45,8.18,3.7,3.25,4.7,1.216,559
2025-06-29T00:00:00.000Z,2.35,6.63,3.38,3.03,3.8,0.642,574
2025-06-30T00:00:00.000Z,1.75,6.55,3,2.66,3.3,0.547,405
2025-07-01T00:00:00.000Z,1.5,4.55,2.54,2.12,3,0.55,553
2025-07-02T00:00:00.000Z,1.9,7.47,3.4,2.97,4,0.997,569
2025-07-03T00:00:00.000Z,1.3,6.78,2,1.8,2.6,1.171,571
2025-07-04T00:00:00.000Z,1.12,6.18,2.2,1.75,2.8,0.699,564
2025-07-05T00:00:00.000Z,1.7,5.75,3.17,2.8,3.53,0.665,569
2025-07-06T00:00:00.000Z,2.1,7.03,3.85,3.37,4.45,0.899,520
2025-07-07T00:00:00.000Z,1.45,6.82,2.29,2.02,2.95,1.172,575
2025-07-08T00:00:00.000Z,1.08,6.65,1.95,1.5,2.45,0.64,571
2025-07-09T00:00:00.000Z,1.3,6.93,2.47,2.2,2.97,0.641,574
2025-07-10T00:00:00.000Z,1.4,6.38,2.38,2.02,2.95,0.655,556
2025-07-11T00:00:00.000Z,2.5,8.13,3.8,3.45,4.3,0.674,556
2025-07-12T00:00:00.000Z,1.83,9.18,4.2,3.55,4.88,1.331,570
2025-07-13T00:00:00.000Z,2.5,7.4,4.03,3.42,4.71,0.847,569
2025-07-14T00:00:00.000Z,2.52,9.27,4.07,3.4,4.57,1,559
2025-07-15T00:00:00.000Z,1.6,16.17,5.32,3.92,7.07,2.512,563
2025-07-16T00:00:00.000Z,1.33,8.15,2.63,1.9,3.94,1.292,568
2025-07-17T00:00:00.000Z,3.25,16.39,6.28,4.87,8.52,2.794,572
2025-07-18T00:00:00.000Z,1.92,12.02,5.6,3.89,7.93,2.445,572
2025-07-19T00:00:00.000Z,4.9,10.73,6.71,6.15,7.5,1.072,564
2025-07-20T00:00:00.000Z,4.72,9.93,6.45,6,7.1,0.986,568
2025-07-21T00:00:00.000Z,5.07,11.43,6.6,6.2,7.18,0.935,574
2025-07-22T00:00:00.000Z,1.2,14.02,7.95,2.38,9.84,3.654,565
2025-07-23T00:00:00.000Z,0.95,6.05,1.83,1.58,2.29,0.689,563
2025-07-24T00:00:00.000Z,1.47,10.55,3.4,2.5,4.13,1.513,581
2025-07-25T00:00:00.000Z,2.78,126.55,7.9,5.74,10.92,6.803,580
2025-07-26T00:00:00.000Z,2,11.65,6.22,4.53,7.31,2.061,581
2025-07-27T00:00:00.000Z,2.65,12.05,4.96,3.96,7.39,2.298,556
2025-07-28T00:00:00.000Z,1.52,9.25,2.7,2.29,3.37,0.836,577
2025-07-29T00:00:00.000Z,1.7,4.95,3.03,2.52,3.6,0.725,557
2025-07-30T00:00:00.000Z,1.5,5.57,2.65,2.33,3.35,0.86,570
2025-07-31T00:00:00.000Z,1.4,4,2.2,1.89,2.6,0.495,572
2025-08-01T00:00:00.000Z,1.3,10.5,2.9,2.2,3.45,1.038,576
2025-08-02T00:00:00.000Z,1.5,13.43,2.95,2.5,3.95,1.27,566
2025-08-03T00:00:00.000Z,0.73,6.85,1.9,1.5,2.69,1.099,556
2025-08-04T00:00:00.000Z,1.3,7.88,2.95,1.98,4.32,1.412,553
2025-08-05T00:00:00.000Z,1.5,7.65,2.4,2.04,3.2,1.228,549
2025-08-06T00:00:00.000Z,1.67,4.82,2.65,2.38,2.95,0.469,520
2025-08-07T00:00:00.000Z,2.4,5.97,3.58,3.22,3.88,0.504,547
2025-08-08T00:00:00.000Z,2.9,24.3,4.05,3.58,4.7,1.391,565
2025-08-09T00:00:00.000Z,1.63,12.65,3.34,2.29,3.95,1.19,570
2025-08-10T00:00:00.000Z,1.2,7.03,2.13,1.7,4,1.364,580
2025-08-11T00:00:00.000Z,1.4,4.65,2.2,2,2.45,0.4,577
2025-08-12T00:00:00.000Z,2.22,8.19,4.63,3.7,5.75,1.283,583
2025-08-13T00:00:00.000Z,2.9,7.05,4.4,3.8,4.97,0.783,555
2025-08-14T00:00:00.000Z,3.33,6.57,4.34,4,4.9,0.577,565
2025-08-15T00:00:00.000Z,3.75,11,6.53,5.49,7.57,1.322,536
2025-08-16T00:00:00.000Z,0.77,6.2,2,1.45,3.13,1.093,558
2025-08-17T00:00:00.000Z,0.7,5.75,1.3,1.08,1.6,0.479,575
2025-08-18T00:00:00.000Z,0.82,33.15,1.42,1.27,1.7,1.438,572
2025-08-19T00:00:00.000Z,1.38,9.3,2.87,2.04,5.18,1.859,564
2025-08-20T00:00:00.000Z,0.52,5.88,1.2,1,1.5,0.492,562
2025-08-21T00:00:00.000Z,0.88,7.57,1.4,1.23,1.57,0.671,384
2025-08-22T00:00:00.000Z,0.95,7.75,1.48,1.3,1.7,0.542,384
2025-08-23T00:00:00.000Z,0.52,7.47,1.17,0.95,1.4,0.539,578
2025-08-24T00:00:00.000Z,1.1,6.8,1.73,1.52,2.08,0.622,574
2025-08-25T00:00:00.000Z,1.38,6.5,2.2,1.92,2.58,0.541,552
2025-08-26T00:00:00.000Z,1,73.06,1.77,1.5,2.29,3.987,574
2025-08-27T00:00:00.000Z,1.65,8.93,2.7,2.4,3.3,0.683,576
2025-08-28T00:00:00.000Z,1.92,13.2,4.97,4.03,7.18,2.461,570
2025-08-29T00:00:00.000Z,2.08,25.15,4.25,3.05,15.82,7.18,573
2025-08-30T00:00:00.000Z,1.55,19.67,6.73,4.05,13.5,4.973,570
2025-08-31T00:00:00.000Z,1.6,38.04,4.72,3.53,6.7,3.849,569
2025-09-01T00:00:00.000Z,2.29,9.48,4.5,3.7,5.4,1.327,568
2025-09-02T00:00:00.000Z,2.47,17.14,6.8,5.25,9.19,2.789,576
2025-09-03T00:00:00.000Z,1.6,8.43,3.7,2.6,5.18,1.59,546
2025-09-04T00:00:00.000Z,1.6,9.85,2.39,2.1,3.48,1.258,564
2025-09-05T00:00:00.000Z,1.9,9.38,3.6,3.1,4.84,1.293,509
2025-09-06T00:00:00.000Z,2.27,3.1,2.6,2.4,2.7,0.226,22
2025-09-07T00:00:00.000Z,1.52,8.44,2.25,2,4.09,1.253,277
2025-09-08T00:00:00.000Z,2.63,12.23,5.28,4.5,6,1.26,299
2025-09-09T00:00:00.000Z,4.76,18.7,9.55,6.43,11.65,3.549,563
2025-09-10T00:00:00.000Z,6.55,16.2,10.48,8.81,11.65,1.852,541
2025-09-11T00:00:00.000Z,1.73,18.73,3.33,2.54,6.14,3.853,569
2025-09-12T00:00:00.000Z,1.05,4.53,1.95,1.7,2.29,0.451,557
2025-09-13T00:00:00.000Z,1.27,3.9,1.77,1.6,1.9,0.275,573
2025-09-14T00:00:00.000Z,1.1,4.2,1.85,1.6,2.2,0.488,570
2025-09-15T00:00:00.000Z,1.23,3.3,2.1,1.88,2.31,0.357,489
2025-09-16T00:00:00.000Z,1.3,4.47,2.15,1.9,2.47,0.467,562
2025-09-17T00:00:00.000Z,1.3,3.7,2,1.85,2.2,0.318,573
2025-09-18T00:00:00.000Z,0.95,6.45,2.45,2.17,2.88,0.693,576
2025-09-19T00:00:00.000Z,2.25,21.92,3.49,3.15,5.2,1.885,574
2025-09-20T00:00:00.000Z,3.17,42.67,6.67,4.68,9.19,3.025,472
2025-09-21T00:00:00.000Z,0.9,18.95,3.9,1.72,7.88,3.891,541
2025-09-22T00:00:00.000Z,1,10.93,1.7,1.46,2.2,0.892,580
2025-09-23T00:00:00.000Z,0.55,14.63,1.58,1.17,1.85,0.955,580
2025-09-24T00:00:00.000Z,0.8,9.68,1.42,1.2,1.77,0.781,573
2025-09-25T00:00:00.000Z,0.5,23.25,1.3,1.1,1.6,1.366,574
2025-09-26T00:00:00.000Z,0.8,21.88,1.33,1.2,1.5,1.433,574
2025-09-27T00:00:00.000Z,1.4,8.68,2,1.8,2.2,0.47,579
2025-09-28T00:00:00.000Z,0.9,8.69,1.9,1.63,2.16,0.552,577
2025-09-29T00:00:00.000Z,1.12,9.15,1.75,1.58,2.1,0.553,579
2025-09-30T00:00:00.000Z,1.17,5.28,1.9,1.63,2.25,0.466,538
2025-10-01T00:00:00.000Z,1.6,9.93,2.65,2.33,3.53,1.756,570
2025-10-02T00:00:00.000Z,2.33,8.35,3.65,3.1,5.43,1.346,566
2025-10-03T00:00:00.000Z,1.9,5.7,2.8,2.45,3.05,0.608,429
2025-10-04T00:00:00.000Z,1.33,7.27,2.7,2,4.51,1.382,572
2025-10-05T00:00:00.000Z,1.4,4.07,2.27,2,2.58,0.47,540
2025-10-06T00:00:00.000Z,0.9,15.13,1.8,1.38,2.1,0.994,570
2025-10-07T00:00:00.000Z,2.2,18.82,4.05,3.22,6.03,4.131,556
2025-10-08T00:00:00.000Z,1.3,14.25,3.97,2.42,5.35,1.921,566
2025-10-09T00:00:00.000Z,1.33,5.6,2.17,1.9,2.5,0.652,559
2025-10-10T00:00:00.000Z,1.95,8.43,3.55,2.88,5.25,1.38,559
2025-10-11T00:00:00.000Z,1.33,16.27,2.1,1.9,2.5,0.775,565
2025-10-12T00:00:00.000Z,0.93,9.63,1.8,1.5,2.13,0.828,566
2025-10-13T00:00:00.000Z,0.9,11.73,2.52,1.6,3.42,1.195,560
2025-10-14T00:00:00.000Z,0.9,12.73,2.78,2.08,3.26,1.169,552
2025-10-15T00:00:00.000Z,1.42,11.15,3.88,2.6,6.4,2.318,566
2025-10-16T00:00:00.000Z,1.75,7.25,2.6,2.22,3.73,1.134,484
2025-10-17T00:00:00.000Z,0.8,9.44,2.13,1.4,2.58,1.089,558
2025-10-18T00:00:00.000Z,0.52,13.55,1.3,1.08,5.25,2.648,574
2025-10-19T00:00:00.000Z,0.75,9.48,2.13,1.33,4.03,1.625,573
2025-10-20T00:00:00.000Z,1.9,5.6,3.67,2.83,4.32,0.866,423
2025-10-30T00:00:00.000Z,1.2,171.95,2.47,1.8,4.4,13.187,255
2025-10-31T00:00:00.000Z,1.8,12.43,4.22,3.05,5.03,1.611,583
2025-11-01T00:00:00.000Z,3.1,13.15,6.43,6.03,6.95,1.107,579
2025-11-02T00:00:00.000Z,4.9,66.65,10.5,8.35,11.95,4.17,583
2025-11-03T00:00:00.000Z,1.77,24.1,7.63,3.09,10.48,4.187,549
2025-11-04T00:00:00.000Z,2.7,14.55,8.27,5.97,10.95,3.064,575
2025-11-05T00:00:00.000Z,2.2,10.85,3.45,2.97,4.15,1.245,553
2025-11-06T00:00:00.000Z,3.42,17.02,6.49,5.24,10.42,3.274,576
2025-11-07T00:00:00.000Z,13.63,32.22,19.92,16.52,24.05,4.267,585
2025-11-08T00:00:00.000Z,12.38,28.85,20.44,19.14,21.98,2.541,582
2025-11-09T00:00:00.000Z,8.63,33.38,14.93,13.65,16.23,2.257,583
2025-11-10T00:00:00.000Z,8.19,143.32,15.73,13.5,17.05,8.162,582
2025-11-11T00:00:00.000Z,2.83,21.9,9.77,8.26,12.27,3.715,581
2025-11-12T00:00:00.000Z,2.7,20.7,4.37,3.8,11.45,4.345,582
2025-11-13T00:00:00.000Z,1.35,8.57,5.6,3.53,6.53,1.907,578
2025-11-14T00:00:00.000Z,1.23,5.9,2.35,2,3.1,0.745,568
2025-11-15T00:00:00.000Z,1.1,124.88,2.45,2,4.95,8.896,551
2025-11-16T00:00:00.000Z,2.35,39.38,5.25,3.63,7.69,3.736,529
2025-11-17T00:00:00.000Z,1.3,91.3,2.66,2.28,3.28,5.561,562
2025-11-18T00:00:00.000Z,1.52,84.8,2.8,2.17,3.9,7.05,266
